"Name","Disabled","TileSetPrefix","BannerSWF","BannerExportName","Island","Music","GroundSCW","EnvironmentSCW","MaskedEnvironmentSCW","CampaignGroundSCW","Blocking1SCW","Blocking1Mesh","Blocking1AngleStep","Blocking2SCW","Blocking2Mesh","Blocking2AngleStep","Blocking3SCW","Blocking3Mesh","Blocking3AngleStep","Blocking4SCW","Blocking4Mesh","Blocking4AngleStep","RespawningWallSCW","RespawningWallMesh","RespawningWallAngleStep","RespawningForestSCW","ForestSCW","DestructableSCW","DestructableMesh","DestructableAngleStep","DestructableSCW_CN","DestructableMesh_CN","DestructableAngleStep_CN","FragileSCW","FragileMesh","FragileAngleStep","FragileSCW_CN","FragileMesh_CN","FragileAngleStep_CN","WaterTileSCW","FenceSCW","RopeFenceSCW","RoadSCW","IndestructibleSCW","IndestructibleMesh","GroundFillerSCW","LaserBallSkinOverride","MineGemSpawnSCWOverride","LootBoxSkinOverride","SafeSkinOverride","SafeCharacterOverride","ShowdownBoostSCWOverride","MapPreviewBGColorRed","MapPreviewBGColorGreen","MapPreviewBGColorBlue","MapPreviewSkyColorRed","MapPreviewSkyColorGreen","MapPreviewSkyColorBlue","MapPreviewGemGrabSpawnHoleExportName","MapPreviewBallExportName","MapPreviewGoal1ExportName","MapPreviewGoal2ExportName","MapPreviewSafeExportName","MapPreviewCNOverrides","MapWidth","MapHeight"
"string","boolean","string","string","string","boolean","string","string","string","string","string","string","string","int","string","string","int","string","string","int","string","string","int","string","string","int","string","string","string","string","int","string","string","int","string","string","int","string","string","int","string","string","string","string","string","string","string","string","string","string","string","string","string","int","int","int","int","int","int","string","string","string","string","string","string","int","int"
"Retropolis","TRUE","retropolis_","sc/events.sc","event_retropolis_banner",,"Retropolis_battle","sc3d/bgr_retropolis_ground.scw","sc3d/bgr_retropolis.scw",,,"sc3d/rock_retropolis_1.scw","rock_retropolis_1",90,"sc3d/car_tires.scw",,90,"sc3d/crate2.scw","crate_1",0,"sc3d/barrel2.scw","barrel_2",1,"sc3d/potted_plant_1.scw","potted_plant_1",1,"sc3d/grass5.scw","sc3d/grass5.scw","sc3d/plant_retropolis_small.scw","plant_retropolis",1,,,,"sc3d/traffic_cone.scw","traffic_cone",1,,,,"sc3d/water_tile_retropolis.scw","sc3d/retropolis_fence.scw","sc3d/generic_rope_fence.scw",,"sc3d/indestructible_metal_1.scw",,,,"sc3d/mine_gem_spawn_retropolis.scw",,,,,90,66,111,,,,"retropolis_spawn_hole","icon_hud_brawl_ball","brawl_ball_goal_red","brawl_ball_goal_blue","heist_safe",,21,33
,,,,,,,,,,,,,,,,,,,,,,,"sc3d/potted_plant_1.scw","potted_plant_1b",1,,,,,,,,,,,,,,,,,,,,,,,,,,,,,,,,,,,,,,,,,
"OldTown","TRUE","town_","sc/events.sc","event_town_banner",,"BattleMusic","sc3d/bgr_old_town_ground.scw","sc3d/bgr_old_town.scw",,,"sc3d/rock_town_1.scw","rock_town_1",90,"sc3d/rock_town_1.scw","rock_town_1",90,"sc3d/crate1.scw","crate_1",0,"sc3d/barrel1.scw","barrel_1",1,"sc3d/potted_plant_1.scw","potted_plant_1",1,"sc3d/grass_town.scw","sc3d/grass_town.scw","sc3d/bone_single.scw","bone_single",1,"sc3d/plant_town_small.scw",,1,"sc3d/bone_pile.scw","bone_pile",1,"sc3d/traffic_cone.scw","traffic_cone",1,"sc3d/water_tile_town.scw","sc3d/wooden_fence_town.scw","sc3d/giftshop_rope_fence.scw",,"sc3d/indestructible_metal_1.scw",,,,"sc3d/mine_gem_spawn_town.scw",,,,,148,90,115,,,,"town_spawn_hole","icon_hud_brawl_ball","brawl_ball_goal_red","brawl_ball_goal_blue","heist_safe","fragile_mid_1>retropolis_fragile_mid_1;destructable_mid_1>retropolis_fragile_mid_1",21,33
,,,,,,,,,,,,,,,,,,,,,,,"sc3d/potted_plant_1.scw","potted_plant_1b",1,,,"sc3d/bone_ribs.scw","bone_ribs",1,,,,,,,,,,,,,,,,,,,,,,,,,,,,,,,,,,,,
,,,,,,,,,,,,,,,,,,,,,,,,,,,,"sc3d/bone_skull.scw","bone_pile_002",0,,,,,,,,,,,,,,,,,,,,,,,,,,,,,,,,,,,,
"OldTownLNY","TRUE","town_","sc/events.sc","event_cny_banner",,"Cny_levels","sc3d/bgr_old_town_ground.scw","sc3d/bgr_old_town.scw",,,"sc3d/rock_town_1.scw","rock_town_1",90,"sc3d/rock_town_1.scw","rock_town_1",90,"sc3d/crate1.scw","crate_1",0,"sc3d/barrel1.scw","barrel_1",1,"sc3d/potted_plant_1.scw","potted_plant_1",1,"sc3d/grass_town.scw","sc3d/grass_town.scw","sc3d/bone_single.scw","bone_single",1,"sc3d/plant_town_small.scw",,1,"sc3d/bone_pile.scw","bone_pile",1,"sc3d/traffic_cone.scw","traffic_cone",1,"sc3d/water_tile_town.scw","sc3d/wooden_fence_town.scw","sc3d/giftshop_rope_fence.scw",,"sc3d/indestructible_metal_1.scw",,,,"sc3d/mine_gem_spawn_town.scw",,,,,148,90,115,,,,"town_spawn_hole","icon_hud_brawl_ball","brawl_ball_goal_red","brawl_ball_goal_blue","heist_safe","fragile_mid_1>retropolis_fragile_mid_1;destructable_mid_1>retropolis_fragile_mid_1",21,33
,,,,,,,,"sc3d/bgr_old_town_decos_lny.scw",,,,,,,,,,,,,,,"sc3d/potted_plant_1.scw","potted_plant_1b",1,,,"sc3d/bone_ribs.scw","bone_ribs",1,,,,,,,,,,,,,,,,,,,,,,,,,,,,,,,,,,,,
,,,,,,,,,,,,,,,,,,,,,,,,,,,,"sc3d/bone_skull.scw","bone_pile_002",0,,,,,,,,,,,,,,,,,,,,,,,,,,,,,,,,,,,,
"OldTownTutorial",,"town_","sc/events.sc","event_gemmine_banner",,"BattleMusic","sc3d/bgr_tutorial_ground.scw","sc3d/bgr_tutorial.scw",,,"sc3d/rock_town_1.scw","rock_town_1",90,"sc3d/rock_town_1.scw","rock_town_1",90,"sc3d/crate1.scw","crate_1",0,"sc3d/barrel1.scw","barrel_1",1,"sc3d/potted_plant_1.scw","potted_plant_1",1,"sc3d/grass_town.scw","sc3d/grass_town.scw","sc3d/bone_single.scw","bone_single",1,"sc3d/plant_town_small.scw",,1,"sc3d/bone_pile.scw","bone_pile",1,"sc3d/traffic_cone.scw","traffic_cone",1,"sc3d/water_tile_town.scw","sc3d/wooden_fence_town.scw","sc3d/generic_rope_fence.scw",,"sc3d/indestructible_metal_1.scw",,,,"sc3d/mine_gem_spawn_town.scw",,,,,148,90,115,,,,"town_spawn_hole","icon_hud_brawl_ball","brawl_ball_goal_red","brawl_ball_goal_blue","heist_safe","fragile_mid_1>retropolis_fragile_mid_1;destructable_mid_1>retropolis_fragile_mid_1",21,33
,,,,,,,,,,,,,,,,,,,,,,,"sc3d/potted_plant_1.scw","potted_plant_1b",1,,,"sc3d/bone_ribs.scw","bone_ribs",1,,,,,,,,,,,,,,,,,,,,,,,,,,,,,,,,,,,,
,,,,,,,,,,,,,,,,,,,,,,,,,,,,"sc3d/bone_skull.scw","bone_pile_002",0,,,,,,,,,,,,,,,,,,,,,,,,,,,,,,,,,,,,
"Mine",,"mine_","sc/events.sc","event_gemmine_banner",,"BattleMusic","sc3d/bgr_mine_ground.scw","sc3d/bgr_mine.scw",,,"sc3d/rock1.scw","Rock_1",90,"sc3d/crystal1.scw",,90,"sc3d/crate1.scw","crate_1",0,"sc3d/barrel1.scw","barrel_1",1,"sc3d/mushroom_1.scw","mushroom_1",1,"sc3d/grass1.scw","sc3d/grass1.scw","sc3d/mushroom_1_small.scw",,1,,,,"sc3d/bone_pile.scw","bone_pile",1,"sc3d/fragile_mushroom.scw","fragile_mushroom",1,"sc3d/water_tile_mine.scw","sc3d/wooden_fence.scw","sc3d/mine_rope_fence.scw",,"sc3d/indestructible_metal_1.scw",,,,,,,,,96,68,84,,,,"spawn_hole","icon_hud_brawl_ball","brawl_ball_goal_red","brawl_ball_goal_blue","heist_safe","fragile_mid_1>fragile_mushroom;destructable_mid_1>fragile_mushroom",21,33
,,,,,,,,,,,"sc3d/rock1.scw","Rock_1b",90,,,,,,,,,,,,,,,,,,,,,,,,,,,,,,,,,,,,,,,,,,,,,,,,,,,,,
,,,,,,,,,,,,,,,,,,,,,,,,,,,,,,,,,,,,,,,,,,,,,,,,,,,,,,,,,,,,,,,,,,
"MineTrainTracks",,"mine_","sc/events.sc","event_gemmine_banner",,"BattleMusic","sc3d/bgr_mine_ground_tracks_1.scw","sc3d/bgr_mine_tracks_1.scw",,,"sc3d/rock1.scw","Rock_1",90,"sc3d/crystal1.scw",,90,"sc3d/crate1.scw","crate_1",0,"sc3d/barrel1.scw","barrel_1",1,"sc3d/mushroom_1.scw","mushroom_1",1,"sc3d/grass1.scw","sc3d/grass1.scw","sc3d/mushroom_1_small.scw",,1,,,,"sc3d/bone_pile.scw","bone_pile",1,"sc3d/fragile_mushroom.scw","fragile_mushroom",1,"sc3d/water_tile_mine.scw","sc3d/wooden_fence.scw","sc3d/mine_rope_fence.scw",,"sc3d/indestructible_metal_1.scw",,,,,,,,,96,68,84,,,,"spawn_hole","icon_hud_brawl_ball","brawl_ball_goal_red","brawl_ball_goal_blue","heist_safe","fragile_mid_1>fragile_mushroom;destructable_mid_1>fragile_mushroom",21,33
,,,,,,,,"sc3d/bgr_mine_tracks_1_lights.scw",,,"sc3d/rock1.scw","Rock_1b",90,,,,,,,,,,,,,,,,,,,,,,,,,,,,,,,,,,,,,,,,,,,,,,,,,,,,,
,,,,,,,,"sc3d/bgr_mine_tracks_1_boom_l_top.scw",,,,,,,,,,,,,,,,,,,,,,,,,,,,,,,,,,,,,,,,,,,,,,,,,,,,,,,,,,
,,,,,,,,"sc3d/bgr_mine_tracks_1_boom_l_bot.scw",,,,,,,,,,,,,,,,,,,,,,,,,,,,,,,,,,,,,,,,,,,,,,,,,,,,,,,,,,
,,,,,,,,"sc3d/bgr_mine_tracks_1_boom_r_top.scw",,,,,,,,,,,,,,,,,,,,,,,,,,,,,,,,,,,,,,,,,,,,,,,,,,,,,,,,,,
,,,,,,,,"sc3d/bgr_mine_tracks_1_boom_r_bot.scw",,,,,,,,,,,,,,,,,,,,,,,,,,,,,,,,,,,,,,,,,,,,,,,,,,,,,,,,,,
"Warehouse","TRUE","town_","sc/events.sc","event_robowars_banner",,"BattleMusic","sc3d/bgr_warehouse_ground.scw","sc3d/bgr_warehouse.scw",,,"sc3d/rock_town_1.scw","rock_town_1",90,"sc3d/rock_town_1.scw","rock_town_1",90,"sc3d/crate1.scw","crate_1",0,"sc3d/barrel1.scw","barrel_1",1,"sc3d/potted_plant_1.scw","potted_plant_1",1,"sc3d/grass_town.scw","sc3d/grass_town.scw","sc3d/bone_single.scw","bone_single",1,"sc3d/plant_town_small.scw",,1,"sc3d/bone_pile.scw","bone_pile",1,"sc3d/traffic_cone.scw","traffic_cone",1,"sc3d/water_tile_town.scw","sc3d/wooden_fence_town.scw","sc3d/generic_rope_fence.scw",,"sc3d/indestructible_metal_1.scw",,,,,,,,,148,90,115,,,,"town_spawn_hole","icon_hud_brawl_ball","brawl_ball_goal_red","brawl_ball_goal_blue","heist_safe","fragile_mid_1>retropolis_fragile_mid_1;destructable_mid_1>retropolis_fragile_mid_1",27,39
,,,,,,,,,,,,,,,,,,,,,,,"sc3d/potted_plant_1.scw","potted_plant_1b",1,,,"sc3d/bone_ribs.scw","bone_ribs",1,,,,,,,,,,,,,,,,,,,,,,,,,,,,,,,,,,,,
,,,,,,,,,,,,,,,,,,,,,,,,,,,,"sc3d/bone_skull.scw","bone_pile_002",0,,,,,,,,,,,,,,,,,,,,,,,,,,,,,,,,,,,,
"Oasis","TRUE","oasis_","sc/events.sc","event_oasis_banner",,"BattleMusic","sc3d/bgr_jungle_ground.scw","sc3d/bgr_jungle.scw",,,"sc3d/rock2.scw","Rock_2",90,"sc3d/stone_ruin_1.scw","stone_ruin_1",90,"sc3d/crate1.scw","crate_1",0,"sc3d/barrel1.scw","barrel_1",1,"sc3d/ball_cactus.scw","ball_cactus",1,"sc3d/grass2.scw","sc3d/grass2.scw","sc3d/plant_1_small.scw",,1,,,,"sc3d/vase_1.scw","vase_1",1,,,,"sc3d/water_tile.scw","sc3d/wooden_fence.scw","sc3d/generic_rope_fence.scw",,"sc3d/indestructible_metal_1.scw",,,,,,,,,234,180,119,,,,"spawn_hole","icon_hud_brawl_ball","brawl_ball_goal_red","brawl_ball_goal_blue","heist_safe",,21,33
,,,,,,,,,,,"sc3d/rock2.scw","Rock_2b",90,,,,,,,,,,,,,,,,,,,,,,,,,,,,,,,,,,,,,,,,,,,,,,,,,,,,,
,,,,,,,,,,,,,,,,,,,,,,,,,,,,,,,,,,,,,,,,,,,,,,,,,,,,,,,,,,,,,,,,,21,33
"OasisBeach","TRUE","oasis_","sc/events.sc","event_beach_banner",,"BattleMusic","sc3d/bgr_beach_ground.scw","sc3d/bgr_beach.scw",,,"sc3d/rock2.scw","Rock_2",90,"sc3d/stone_ruin_1.scw","stone_ruin_1",90,"sc3d/crate1.scw","crate_1",0,"sc3d/barrel1.scw","barrel_1",1,"sc3d/ball_cactus.scw","ball_cactus",1,"sc3d/grass2.scw","sc3d/grass2.scw","sc3d/plant_1_small.scw",,1,,,,"sc3d/vase_1.scw","vase_1",1,,,,"sc3d/water_tile.scw","sc3d/wooden_fence.scw","sc3d/generic_rope_fence.scw",,"sc3d/indestructible_metal_1.scw",,,,,,,,,234,180,119,,,,"spawn_hole","icon_hud_brawl_ball","brawl_ball_goal_red","brawl_ball_goal_blue","heist_safe",,,
,,,,,,,,,,,"sc3d/rock2.scw","Rock_2b",90,,,,,,,,,,,,,,,,,,,,,,,,,,,,,,,,,,,,,,,,,,,,,,,,,,,,21,33
,,,,,,,,,,,,,,,,,,,,,,,,,,,,,,,,,,,,,,,,,,,,,,,,,,,,,,,,,,,,,,,,,,
"Mortuary",,"mortuary_","sc/events.sc","event_mortuary_banner",,"Halloween_ingame","sc3d/bgr_mortuary_ground.scw","sc3d/bgr_mortuary.scw",,,"sc3d/rock_mortuary_1.scw","rock_mortuary",90,"sc3d/tombstones_1.scw","tombstone_1",0,"sc3d/crate_mortuary.scw","crate_1",0,"sc3d/barrel_mortuary.scw","barrel_1",1,"sc3d/mortuary_tree_stump.scw","mortuary_tree_stump",1,"sc3d/grass6.scw","sc3d/grass6.scw","sc3d/bone_single_mortuary.scw","bone_single",1,"sc3d/plant_1_small_mine.scw",,1,"sc3d/candles_1.scw","candles1",0,,,,"sc3d/water_tile_mortuary.scw","sc3d/mortuary_fence.scw","sc3d/mortuary_rope_fence.scw",,"sc3d/indestructible_metal_1.scw",,,,"sc3d/mine_gem_spawn_mortuary.scw",,,,,74,52,82,,,,"mortuary_spawn_hole","icon_hud_brawl_ball","brawl_ball_goal_red","brawl_ball_goal_blue","heist_safe","fragile_mid_1>oasis_fragile_mid_1;destructable_mid_1>oasis_fragile_mid_1",21,33
,,,,,,,,,,,,,,"sc3d/tombstones_1.scw","tombstone_2",0,"sc3d/crate_mortuary.scw","crate_1b",0,"sc3d/barrel_mortuary.scw","barrel_1b",1,"sc3d/mortuary_tree_stump.scw","mortuary_tree_stump",1,,,"sc3d/bone_ribs_mortuary.scw","bone_ribs",1,,,,,,,,,,,,,,,,,,,,,,,,,,,,,,,,,,,,
,,,,,,,,,,,,,,"sc3d/tombstones_1.scw","tombstone_3",0,"sc3d/crate_mortuary.scw","crate_1c",0,"sc3d/barrel_mortuary.scw","barrel_1c",1,"sc3d/mortuary_tree_stump.scw","mortuary_tree_stump",1,,,"sc3d/bone_skull_mortuary.scw","bone_pile_002",0,,,,,,,,,,,,,,,,,,,,,,,,,,,,,,,,,,,,
,,,,,,,,,,,,,,"sc3d/tombstones_1.scw","tombstone_4",0,"sc3d/crate_mortuary.scw","crate_1d",0,,,,"sc3d/mortuary_tree_stump.scw","mortuary_tree_stump",1,,,,,,,,,,,,,,,,,,,,,,,,,,,,,,,,,,,,,,,,,
,,,,,,,,,,,,,,"sc3d/tombstones_1.scw","tombstone_5",0,"sc3d/crate_mortuary.scw","crate_1e",0,,,,"sc3d/mortuary_tree_stump.scw","mortuary_tree_stump_2",0,,,,,,,,,,,,,,,,,,,,,,,,,,,,,,,,,,,,,,,,,
,,,,,,,,,,,,,,,,,,,,,,,,,,,,,,,,,,,,,,,,,,,,,,,,,,,,,,,,,,,,,,,,,,
"MortuaryHW","TRUE","mortuary_","sc/events.sc","event_mortuary_banner",,"Halloween_ingame","sc3d/bgr_mortuary_ground.scw","sc3d/bgr_mortuary.scw+sc3d/bgr_mortuary_decos_hw.scw",,,"sc3d/rock_mortuary_1.scw","rock_mortuary",90,"sc3d/tombstones_1.scw","tombstone_1",0,"sc3d/crate_mortuary.scw","crate_1",0,"sc3d/barrel_mortuary.scw","barrel_1",1,"sc3d/mortuary_tree_stump.scw","mortuary_tree_stump",1,"sc3d/grass6.scw","sc3d/grass6.scw","sc3d/bone_single_mortuary.scw","bone_single",1,"sc3d/plant_1_small_mine.scw",,1,"sc3d/candles_1.scw","candles1",0,,,,"sc3d/water_tile_mortuary.scw","sc3d/mortuary_fence.scw","sc3d/mortuary_rope_fence.scw",,"sc3d/indestructible_metal_1.scw",,,,"sc3d/mine_gem_spawn_mortuary.scw",,,,,74,52,82,,,,"mortuary_spawn_hole","icon_hud_brawl_ball","brawl_ball_goal_red","brawl_ball_goal_blue","heist_safe","fragile_mid_1>oasis_fragile_mid_1;destructable_mid_1>oasis_fragile_mid_1",21,33
,,,,,,,,,,,,,,"sc3d/tombstones_1.scw","tombstone_2",0,"sc3d/crate_mortuary.scw","crate_1b",0,"sc3d/barrel_mortuary.scw","barrel_1b",1,"sc3d/mortuary_tree_stump.scw","mortuary_tree_stump",1,,,"sc3d/bone_ribs_mortuary.scw","bone_ribs",1,,,,,,,,,,,,,,,,,,,,,,,,,,,,,,,,,,,,
,,,,,,,,,,,,,,"sc3d/tombstones_1.scw","tombstone_3",0,"sc3d/crate_mortuary.scw","crate_1c",0,"sc3d/barrel_mortuary.scw","barrel_1c",1,"sc3d/mortuary_tree_stump.scw","mortuary_tree_stump",1,,,"sc3d/bone_skull_mortuary.scw","bone_pile_002",0,,,,,,,,,,,,,,,,,,,,,,,,,,,,,,,,,,,,
,,,,,,,,,,,,,,"sc3d/tombstones_1.scw","tombstone_4",0,"sc3d/crate_mortuary.scw","crate_1d",0,,,,"sc3d/mortuary_tree_stump.scw","mortuary_tree_stump",1,,,,,,,,,,,,,,,,,,,,,,,,,,,,,,,,,,,,,,,,,
,,,,,,,,,,,,,,"sc3d/tombstones_1.scw","tombstone_5",0,"sc3d/crate_mortuary.scw","crate_1e",0,,,,"sc3d/mortuary_tree_stump.scw","mortuary_tree_stump_2",0,,,,,,,,,,,,,,,,,,,,,,,,,,,,,,,,,,,,,,,,,
,,,,,,,,,,,,,,,,,,,,,,,,,,,,,,,,,,,,,,,,,,,,,,,,,,,,,,,,,,,,,,,,,,
"MortuaryShowdown",,"mortuary_","sc/events.sc","event_mortuary_showdown_banner",,"Halloween_ingame","sc3d/bgr_mortuary_showdown_ground.scw","sc3d/bgr_mortuary_showdown.scw",,,"sc3d/rock_mortuary_1.scw","rock_mortuary",90,"sc3d/tombstones_1.scw","tombstone_1",0,"sc3d/crate_mortuary.scw","crate_1",0,"sc3d/barrel_mortuary.scw","barrel_1",1,"sc3d/mortuary_tree_stump.scw","mortuary_tree_stump",1,"sc3d/grass6.scw","sc3d/grass6.scw","sc3d/bone_single_mortuary.scw","bone_single",1,"sc3d/plant_1_small_mine.scw",,1,"sc3d/candles_1.scw","candles1",0,,,,"sc3d/water_tile_mortuary.scw","sc3d/mortuary_fence.scw","sc3d/mortuary_rope_fence.scw",,"sc3d/indestructible_metal_1.scw",,,,,,,,,74,52,82,,,,"mortuary_spawn_hole","icon_hud_brawl_ball","brawl_ball_goal_red","brawl_ball_goal_blue","heist_safe","fragile_mid_1>oasis_fragile_mid_1;destructable_mid_1>oasis_fragile_mid_1",60,60
,,,,,,,,,,,,,,"sc3d/tombstones_1.scw","tombstone_2",0,"sc3d/crate_mortuary.scw","crate_1b",0,"sc3d/barrel_mortuary.scw","barrel_1b",1,"sc3d/mortuary_tree_stump.scw","mortuary_tree_stump",1,,,"sc3d/bone_ribs_mortuary.scw","bone_ribs",1,,,,,,,,,,,,,,,,,,,,,,,,,,,,,,,,,,,,
,,,,,,,,,,,,,,"sc3d/tombstones_1.scw","tombstone_3",0,"sc3d/crate_mortuary.scw","crate_1c",0,"sc3d/barrel_mortuary.scw","barrel_1c",1,"sc3d/mortuary_tree_stump.scw","mortuary_tree_stump",1,,,"sc3d/bone_skull_mortuary.scw","bone_pile_002",0,,,,,,,,,,,,,,,,,,,,,,,,,,,,,,,,,,,,
,,,,,,,,,,,,,,"sc3d/tombstones_1.scw","tombstone_4",0,"sc3d/crate_mortuary.scw","crate_1d",0,,,,"sc3d/mortuary_tree_stump.scw","mortuary_tree_stump",1,,,,,,,,,,,,,,,,,,,,,,,,,,,,,,,,,,,,,,,,,
,,,,,,,,,,,,,,"sc3d/tombstones_1.scw","tombstone_5",0,"sc3d/crate_mortuary.scw","crate_1e",0,,,,"sc3d/mortuary_tree_stump.scw","mortuary_tree_stump_2",0,,,,,,,,,,,,,,,,,,,,,,,,,,,,,,,,,,,,,,,,,
,,,,,,,,,,,,,,,,,,,,,,,,,,,,,,,,,,,,,,,,,,,,,,,,,,,,,,,,,,,,,,,,,,
"MortuaryShowdownHW","TRUE","mortuary_","sc/events.sc","event_mortuary_showdown_banner",,"Halloween_ingame","sc3d/bgr_mortuary_showdown_ground.scw","sc3d/bgr_mortuary_showdown.scw+sc3d/bgr_mortuary_showdown_decos_hw.scw",,,"sc3d/rock_mortuary_1.scw","rock_mortuary",90,"sc3d/tombstones_1.scw","tombstone_1",0,"sc3d/crate_mortuary.scw","crate_1",0,"sc3d/barrel_mortuary.scw","barrel_1",1,"sc3d/mortuary_tree_stump.scw","mortuary_tree_stump",1,"sc3d/grass6.scw","sc3d/grass6.scw","sc3d/bone_single_mortuary.scw","bone_single",1,"sc3d/plant_1_small_mine.scw",,1,"sc3d/candles_1.scw","candles1",0,,,,"sc3d/water_tile_mortuary.scw","sc3d/mortuary_fence.scw","sc3d/mortuary_rope_fence.scw",,"sc3d/indestructible_metal_1.scw",,,,,,,,,74,52,82,,,,"mortuary_spawn_hole","icon_hud_brawl_ball","brawl_ball_goal_red","brawl_ball_goal_blue","heist_safe","fragile_mid_1>oasis_fragile_mid_1;destructable_mid_1>oasis_fragile_mid_1",60,60
,,,,,,,,,,,,,,"sc3d/tombstones_1.scw","tombstone_2",0,"sc3d/crate_mortuary.scw","crate_1b",0,"sc3d/barrel_mortuary.scw","barrel_1b",1,"sc3d/mortuary_tree_stump.scw","mortuary_tree_stump",1,,,"sc3d/bone_ribs_mortuary.scw","bone_ribs",1,,,,,,,,,,,,,,,,,,,,,,,,,,,,,,,,,,,,
,,,,,,,,,,,,,,"sc3d/tombstones_1.scw","tombstone_3",0,"sc3d/crate_mortuary.scw","crate_1c",0,"sc3d/barrel_mortuary.scw","barrel_1c",1,"sc3d/mortuary_tree_stump.scw","mortuary_tree_stump",1,,,"sc3d/bone_skull_mortuary.scw","bone_pile_002",0,,,,,,,,,,,,,,,,,,,,,,,,,,,,,,,,,,,,
,,,,,,,,,,,,,,"sc3d/tombstones_1.scw","tombstone_4",0,"sc3d/crate_mortuary.scw","crate_1d",0,,,,"sc3d/mortuary_tree_stump.scw","mortuary_tree_stump",1,,,,,,,,,,,,,,,,,,,,,,,,,,,,,,,,,,,,,,,,,
,,,,,,,,,,,,,,"sc3d/tombstones_1.scw","tombstone_5",0,"sc3d/crate_mortuary.scw","crate_1e",0,,,,"sc3d/mortuary_tree_stump.scw","mortuary_tree_stump_2",0,,,,,,,,,,,,,,,,,,,,,,,,,,,,,,,,,,,,,,,,,
,,,,,,,,,,,,,,,,,,,,,,,,,,,,,,,,,,,,,,,,,,,,,,,,,,,,,,,,,,,,,,,,,,
"Grassfield",,"grassfield_","sc/events.sc","event_brawlball_banner",,"BattleMusic","sc3d/bgr_grassfield_ground.scw","sc3d/bgr_grassfield.scw",,,"sc3d/rock2.scw","Rock_2",90,"sc3d/rock2.scw","Rock_2",90,"sc3d/crate1.scw","crate_1",0,"sc3d/barrel1.scw","barrel_1",1,"sc3d/ball_cactus.scw","ball_cactus",1,"sc3d/grass2.scw","sc3d/grass2.scw","sc3d/bone_single.scw","bone_single",1,"sc3d/plant_1_small.scw",,1,"sc3d/bone_pile.scw","bone_pile",1,"sc3d/vase_1.scw","vase_1",1,"sc3d/water_tile.scw","sc3d/wooden_fence.scw","sc3d/generic_rope_fence.scw",,"sc3d/brick1.scw","brick_1",,,,,,,,60,150,87,,,,"spawn_hole","icon_hud_brawl_ball","brawl_ball_goal_red","brawl_ball_goal_blue","heist_safe","fragile_mid_1>oasis_fragile_mid_1;destructable_mid_1>oasis_fragile_mid_1",21,33
,,,,,,,,,,,"sc3d/rock2.scw","Rock_2b",90,"sc3d/rock2.scw","Rock_2b",90,,,,,,,,,,,,"sc3d/bone_ribs.scw","bone_ribs",1,,,,,,,,,,,,,,,,,,,,,,,,,,,,,,,,,,,,
,,,,,,,,,,,,,,,,,,,,,,,,,,,,"sc3d/bone_skull.scw","bone_pile_002",0,,,,,,,,,,,,,,,,,,,,,,,,,,,,,,,,,,,,
"GrassfieldBeachBall","TRUE","grassfield_","sc/events.sc","event_beach_banner",,"BattleMusic","sc3d/bgr_beach_brawl_ball_ground.scw","sc3d/bgr_beach_brawl_ball.scw",,,"sc3d/rock2.scw","Rock_2",90,"sc3d/rock2.scw","Rock_2",90,"sc3d/crate1.scw","crate_1",0,"sc3d/barrel1.scw","barrel_1",1,"sc3d/ball_cactus.scw","ball_cactus",1,"sc3d/grass2.scw","sc3d/grass2.scw","sc3d/bone_single.scw","bone_single",1,"sc3d/plant_1_small.scw",,1,"sc3d/bone_pile.scw","bone_pile",1,"sc3d/vase_1.scw","vase_1",1,"sc3d/water_tile.scw","sc3d/wooden_fence.scw","sc3d/generic_rope_fence.scw",,"sc3d/brick1.scw","brick_1",,"BallBeach",,,,,,60,150,87,,,,"spawn_hole","icon_hud_brawl_ball","brawl_ball_goal_red","brawl_ball_goal_blue","heist_safe","fragile_mid_1>oasis_fragile_mid_1;destructable_mid_1>oasis_fragile_mid_1",21,33
,,,,,,,,,,,"sc3d/rock2.scw","Rock_2b",90,"sc3d/rock2.scw","Rock_2b",90,,,,,,,,,,,,"sc3d/bone_ribs.scw","bone_ribs",1,,,,,,,,,,,,,,,,,,,,,,,,,,,,,,,,,,,,
,,,,,,,,,,,,,,,,,,,,,,,,,,,,"sc3d/bone_skull.scw","bone_pile_002",0,,,,,,,,,,,,,,,,,,,,,,,,,,,,,,,,,,,,
"Default",,,"sc/events.sc","event_canyon_banner",,"BattleMusic","sc3d/bgr_canyon_ground.scw","sc3d/bgr_canyon.scw",,,"sc3d/rock2.scw","Rock_2",90,"sc3d/rock2.scw","Rock_2",90,"sc3d/crate1.scw","crate_1",0,"sc3d/barrel1.scw","barrel_1",1,"sc3d/ball_cactus.scw","ball_cactus",1,"sc3d/grass2.scw","sc3d/grass3.scw","sc3d/bone_single.scw","bone_single",1,"sc3d/plant_1_small_canyon.scw",,1,"sc3d/bone_pile.scw","bone_pile",1,"sc3d/fragile_cactus.scw","fragile_cactus_1",1,"sc3d/water_tile.scw","sc3d/wooden_fence.scw","sc3d/canyon_rope_fence.scw",,"sc3d/indestructible_metal_1.scw",,,,,,,,,249,166,117,,,,"spawn_hole","icon_hud_brawl_ball","brawl_ball_goal_red","brawl_ball_goal_blue","heist_safe","fragile_mid_1>fragile_cactus;destructable_mid_1>fragile_cactus",21,33
,,,,,,,,,,,"sc3d/rock2.scw","Rock_2b",90,"sc3d/rock2.scw","Rock_2b",90,,,,,,,,,,,,"sc3d/bone_ribs.scw","bone_ribs",1,,,,,,,"sc3d/fragile_cactus.scw","fragile_cactus_2",1,,,,,,,,,,,,,,,,,,,,,,,,,,,
,,,,,,,,,,,,,,,,,,,,,,,,,,,,"sc3d/bone_skull.scw","bone_pile_002",0,,,,,,,"sc3d/fragile_cactus.scw","fragile_cactus_3",1,,,,,,,,,,,,,,,,,,,,,,,,,,,
"DefaultShowdown",,,"sc/events.sc","event_stormvalley_banner",,"BattleMusic","sc3d/bgr_canyon_showdown_ground.scw","sc3d/bgr_canyon_showdown.scw",,,"sc3d/rock2.scw","Rock_2",90,"sc3d/rock2.scw","Rock_2",90,"sc3d/crate1.scw","crate_1",0,"sc3d/barrel1.scw","barrel_1",1,"sc3d/ball_cactus.scw","ball_cactus",1,"sc3d/grass2.scw","sc3d/grass3.scw","sc3d/bone_single.scw","bone_single",1,"sc3d/plant_1_small_canyon.scw",,1,"sc3d/bone_pile.scw","bone_pile",1,"sc3d/fragile_cactus.scw","fragile_cactus_1",1,"sc3d/water_tile.scw","sc3d/wooden_fence.scw","sc3d/canyon_rope_fence.scw",,"sc3d/indestructible_metal_1.scw",,,,,,,,,249,166,117,,,,"spawn_hole","icon_hud_brawl_ball","brawl_ball_goal_red","brawl_ball_goal_blue","heist_safe","fragile_mid_1>fragile_cactus;destructable_mid_1>fragile_cactus",60,60
,,,,,,,,,,,"sc3d/rock2.scw","Rock_2b",90,"sc3d/rock2.scw","Rock_2b",90,,,,,,,,,,,,"sc3d/bone_ribs.scw","bone_ribs",1,,,,,,,"sc3d/fragile_cactus.scw","fragile_cactus_2",1,,,,,,,,,,,,,,,,,,,,,,,,,,,
,,,,,,,,,,,,,,,,,,,,,,,,,,,,"sc3d/bone_skull.scw","bone_pile_002",0,,,,,,,"sc3d/fragile_cactus.scw","fragile_cactus_3",1,,,,,,,,,,,,,,,,,,,,,,,,,,,
"IslandShowdown",,,"sc/events.sc","event_stormvalley_banner","TRUE","BattleMusic","sc3d/bgr_island_showdown_ground.scw",,,,"sc3d/rock2.scw","Rock_2",90,"sc3d/rock2.scw","Rock_2",90,"sc3d/crate1.scw","crate_1",0,"sc3d/barrel1.scw","barrel_1",1,"sc3d/ball_cactus.scw","ball_cactus",1,"sc3d/grass2.scw","sc3d/grass3.scw","sc3d/bone_single.scw","bone_single",1,"sc3d/plant_1_small_canyon.scw",,1,"sc3d/bone_pile.scw","bone_pile",1,"sc3d/fragile_cactus.scw","fragile_cactus_1",1,"sc3d/water_tile.scw","sc3d/wooden_fence.scw","sc3d/canyon_rope_fence.scw",,"sc3d/indestructible_metal_1.scw",,,,,,,,,249,166,117,,,,"spawn_hole","icon_hud_brawl_ball","brawl_ball_goal_red","brawl_ball_goal_blue","heist_safe","fragile_mid_1>fragile_cactus;destructable_mid_1>fragile_cactus",21,33
,,,,,,,,,,,"sc3d/rock2.scw","Rock_2b",90,"sc3d/rock2.scw","Rock_2b",90,,,,,,,,,,,,"sc3d/bone_ribs.scw","bone_ribs",1,,,,,,,"sc3d/fragile_cactus.scw","fragile_cactus_2",1,,,,,,,,,,,,,,,,,,,,,,,,,,,
,,,,,,,,,,,,,,,,,,,,,,,,,,,,"sc3d/bone_skull.scw","bone_pile_002",0,,,,,,,"sc3d/fragile_cactus.scw","fragile_cactus_3",1,,,,,,,,,,,,,,,,,,,,,,,,,,,
"DarrylsShip","TRUE","darryls_","sc/events.sc","event_pirates_banner",,"Pirate_Brawl_Ingame","sc3d/bgr_darryls_ship_ground.scw","sc3d/bgr_darryls_ship.scw","sc3d/bgr_darryls_ship_hold.scw",,"sc3d/cargo_block_1.scw","cargo_block_1",90,"sc3d/pirate_chest.scw",,0,"sc3d/crate1.scw","crate_1",0,"sc3d/barrel1.scw","barrel_1",1,"sc3d/barrel_fishy.scw",,1,"sc3d/grass_seaweed.scw","sc3d/grass_seaweed.scw","sc3d/seaweed_small.scw","seaweed_deco_a",1,,,,"sc3d/cannon_balls.scw","cannon_balls",1,,,,"sc3d/water_tile_darryls_ship.scw","sc3d/wooden_fence_darryls_ship.scw","sc3d/generic_rope_fence.scw",,"sc3d/indestructible_metal_1.scw",,,,"sc3d/mine_gem_spawn_darryls_ship.scw",,,,,224,122,89,,,,"darryls_spawn_hole","icon_hud_brawl_ball","brawl_ball_goal_red","brawl_ball_goal_blue","heist_safe",,21,33
,,,,,,,,,,,"sc3d/cargo_block_1.scw","cargo_block_1b",90,,,,,,,,,,,,,,,,"seaweed_deco_b",1,,,,,,,,,,,,,,,,,,,,,,,,,,,,,,,,,,,,
,,,,,,,,,,,,,,,,,,,,,,,,,,,,,,,,,,,,,,,,,,,,,,,,,,,,,,,,,,,,,,,,,,
"DarrylsXmas","TRUE","darryls_","sc/events.sc","event_pirates_banner",,"Pirate_Brawl_Ingame","sc3d/bgr_darryls_ship_ground.scw","sc3d/bgr_darryls_ship.scw","sc3d/bgr_darryls_ship_hold.scw",,"sc3d/cargo_block_1.scw","cargo_block_1",90,"sc3d/pirate_chest.scw",,0,"sc3d/crate_xmas.scw","crate_xmas",0,"sc3d/barrel_xmas.scw","barrel_xmas",1,"sc3d/barrel_fishy.scw",,1,"sc3d/grass_seaweed.scw","sc3d/grass_seaweed.scw","sc3d/seaweed_small.scw","seaweed_deco_a",1,,,,"sc3d/cannon_balls.scw","cannon_balls",1,,,,"sc3d/water_tile_darryls_ship.scw","sc3d/wooden_fence_darryls_ship.scw","sc3d/generic_rope_fence.scw",,"sc3d/indestructible_metal_1.scw",,,,"sc3d/mine_gem_spawn_darryls_ship.scw",,,,,224,122,89,,,,"darryls_spawn_hole","icon_hud_brawl_ball","brawl_ball_goal_red","brawl_ball_goal_blue","heist_safe",,21,33
,,,,,,,,"sc3d/bgr_darryls_ship_decos_xmas.scw",,,"sc3d/cargo_block_1.scw","cargo_block_1b",90,,,,,,,,,,,,,,,,"seaweed_deco_b",1,,,,,,,,,,,,,,,,,,,,,,,,,,,,,,,,,,,,
,,,,,,,,,,,,,,,,,,,,,,,,,,,,,,,,,,,,,,,,,,,,,,,,,,,,,,,,,,,,,,,,,,
"Arcade",,"arcade_","sc/events.sc","event_arcade_banner",,"Brawlcade_Ingame","sc3d/bgr_arcade_ground.scw","sc3d/bgr_arcade.scw",,,"sc3d/concrete_block.scw","concrete_block",90,"sc3d/blocker_arcade.scw","blocker_arcade",0,"sc3d/crate2.scw","crate_1",0,"sc3d/barrel_arcade.scw","barrel_arcade",1,"sc3d/construction_sign.scw","construction_sign",180,"sc3d/grass7.scw","sc3d/grass7.scw","sc3d/pothole.scw","pothole",1,,,,"sc3d/traffic_cone.scw","traffic_cone",1,,,,"sc3d/water_tile_retropolis.scw","sc3d/fence_arcade.scw","sc3d/scrapyard_rope_fence.scw",,"sc3d/indestructible_metal_1.scw",,,,"sc3d/mine_gem_spawn_retropolis.scw",,,,,50,44,79,,,,"retropolis_spawn_hole","icon_hud_brawl_ball","brawl_ball_goal_red","brawl_ball_goal_blue","heist_safe",,21,33
,,,,,,,,,,,,,,,,,,,,,,,,,,,,,,,,,,,,,,,,,,,,,,,,,,,,,,,,,,,,,,,,,,
"BBArena",,"bbarena_","sc/events.sc","event_brawlball_arena_banner",,"Footbrawl_ingame_muzak","sc3d/bgr_bb_arena_ground.scw","sc3d/bgr_bb_arena.scw+sc3d/bgr_bb_arena_decos_default.scw",,,"sc3d/concrete_block.scw","concrete_block",90,"sc3d/car_tires.scw",,90,"sc3d/arena_blocker.scw","arena_blocker",90,"sc3d/barrel2.scw","barrel_2",1,"sc3d/potted_plant_1.scw","potted_plant_1",1,"sc3d/grass2.scw","sc3d/grass2.scw","sc3d/plant_1_small.scw",,1,,,,"sc3d/traffic_cone.scw","traffic_cone",1,,,,"sc3d/water_tile.scw","sc3d/fence_arcade.scw","sc3d/generic_rope_fence.scw",,"sc3d/indestructible_metal_1.scw",,,"BallArena","sc3d/mine_gem_spawn_retropolis.scw",,,,,60,150,87,,,,"retropolis_spawn_hole","icon_hud_brawl_ball_football","brawl_ball_goal_football_red","brawl_ball_goal_football_blue","heist_safe",,21,33
,,,,,,,,,,,,,,,,,,,,,,,"sc3d/potted_plant_1.scw","potted_plant_1b",1,,,,,,,,,,,,,,,,,,,,,,,,,,,,,,,,,,,,,,,,,
"BBArenaPSG","TRUE","bbarena_","sc/events.sc","event_brawlball_arena_banner",,"Footbrawl_ingame_muzak","sc3d/bgr_bb_arena_ground.scw+sc3d/bgr_bb_arena_ground_decos_psg.scw","sc3d/bgr_bb_arena.scw+sc3d/bgr_bb_arena_decos_psg.scw",,,"sc3d/concrete_block.scw","concrete_block",90,"sc3d/car_tires.scw",,90,"sc3d/arena_blocker.scw","arena_blocker",90,"sc3d/barrel2.scw","barrel_2",1,"sc3d/potted_plant_1.scw","potted_plant_1",1,"sc3d/grass2.scw","sc3d/grass2.scw","sc3d/plant_1_small.scw",,1,,,,"sc3d/traffic_cone.scw","traffic_cone",1,,,,"sc3d/water_tile.scw","sc3d/fence_arcade.scw","sc3d/generic_rope_fence.scw",,"sc3d/indestructible_metal_1.scw",,,"BallArenaPSG","sc3d/mine_gem_spawn_retropolis.scw",,,,,60,150,87,,,,"retropolis_spawn_hole","icon_hud_brawl_ball_football","brawl_ball_goal_football_red","brawl_ball_goal_football_blue","heist_safe",,21,33
,,,,,,,,,,,,,,,,,,,,,,,,,,,,,,,,,,,,,,,,,,,,,,,,,,,,,,,,,,,,,,,,,,
"Bazaar","TRUE","bazaar_","sc/events.sc","event_bazaar_banner",,"Brawzaar_ingame_muzak","sc3d/bgr_bazaar_ground.scw","sc3d/bgr_bazaar.scw",,,"sc3d/rock_bazaar_1.scw","rock_bazaar",180,"sc3d/rock_bazaar_2.scw","rock_bazaar_2",180,"sc3d/cargo_block_2.scw","cargo_block_2",90,"sc3d/bazaar_basket.scw","basket",1,"sc3d/vase_big.scw","vase_big",90,"sc3d/grass8.scw","sc3d/grass8.scw","sc3d/plant_1_small.scw",,1,,,,"sc3d/vase_1.scw","vase_1",1,,,,"sc3d/water_tile_bazaar.scw","sc3d/fence_bazaar.scw","sc3d/generic_rope_fence.scw",,"sc3d/indestructible_metal_1.scw",,,,"sc3d/mine_gem_spawn_bazaar.scw",,,,,186,92,85,,,,"bazaar_spawn_hole","icon_hud_brawl_ball","brawl_ball_goal_red","brawl_ball_goal_blue","heist_safe",,21,33
,,,,,,,,,,,"sc3d/rock_bazaar_1.scw","rock_bazaar_b",180,,,,"sc3d/cargo_block_2.scw","cargo_block_2b",90,,,,,,,,,,,,,,,,,,,,,,,,,,,,,,,,,,,,,,,,,,,,,,,
"Minicity",,"minicity_","sc/events.sc","event_scity_banner",,"Monsterbrawl_ingame_muzak","sc3d/bgr_minicity_ground.scw","sc3d/bgr_minicity.scw",,,"sc3d/minicity_building_1.scw","minicity_building_1",90,"sc3d/minicity_building_2.scw",,90,"sc3d/crate_minicity.scw","crate_minicity",90,"sc3d/barrel_minicity.scw","barrel_minicity",0,"sc3d/minicity_containers.scw",,180,"sc3d/grass_minicity.scw","sc3d/grass_minicity.scw","sc3d/minicity_deco_square.scw",,0,,,,"sc3d/minicity_fragile.scw",,0,,,,"sc3d/water_tile_minicity.scw","sc3d/fence_minicity.scw","sc3d/minicity_rope_fence.scw","sc3d/minicity_street_tiles.scw","sc3d/indestructible_metal_1.scw",,"sc3d/minicity_parked_cars.scw",,"sc3d/mine_gem_spawn_minicity.scw",,"SafeBank",,,60,61,87,,,,"minicity_spawn_hole","icon_hud_brawl_ball","brawl_ball_goal_red","brawl_ball_goal_blue","minicity_heist_safe",,21,33
,,,,,,,,,,,"sc3d/minicity_building_1.scw","minicity_building_1b",90,,,,,,,,,,,,,,,,,,,,,,,,,,,,,,,,,,,,,,,,,,,,,,,,,,,,,
,,,,,,,,,,,,,,,,,,,,,,,,,,,,,,,,,,,,,,,,,,,,,,,,,,,,,,,,,,,,,,,,,,
"GiftShop","TRUE","giftshop_","sc/events.sc","event_giftshop_banner",,"Giftshop_Level_Music","sc3d/bgr_giftshop_ground.scw","sc3d/bgr_giftshop.scw",,,"sc3d/giftshop_wall.scw","giftshop_wall",90,"sc3d/bargain_bin.scw","bargain_bin_1",90,"sc3d/cardboard_box.scw","cardboard_box",90,"sc3d/barrel1.scw","barrel_1",1,"sc3d/tv_set.scw","tv_set",0,"sc3d/grass_giftshop.scw","sc3d/grass_giftshop.scw","sc3d/giftshop_clutter.scw","clutter_1",1,,,1,"sc3d/fragile_balloon.scw",,1,,,1,"sc3d/water_tile_town.scw","sc3d/fence_giftshop.scw","sc3d/giftshop_rope_fence.scw",,"sc3d/indestructible_metal_1.scw",,,,"sc3d/mine_gem_spawn_giftshop.scw",,,,,133,70,86,,,,"giftshop_spawn_hole","icon_hud_brawl_ball","brawl_ball_goal_red","brawl_ball_goal_blue","heist_safe",,21,33
,,,,,,,,,,,,,,"sc3d/bargain_bin.scw","bargain_bin_2",90,"sc3d/cardboard_box.scw","cardboard_box",90,,,,,,,,,"sc3d/giftshop_clutter.scw","clutter_2",1,,,,,,,,,,,,,,,,,,,,,,,,,,,,,,,,,,,,
,,,,,,,,,,,,,,"sc3d/bargain_bin.scw","bargain_bin_3",90,"sc3d/cardboard_box.scw","cardboard_box",90,,,,,,,,,"sc3d/giftshop_clutter.scw","clutter_3",1,,,,,,,,,,,,,,,,,,,,,,,,,,,,,,,,,,,,
,,,,,,,,,,,,,,"sc3d/bargain_bin.scw","bargain_bin_4",90,"sc3d/cardboard_box.scw","cardboard_box",90,,,,,,,,,"sc3d/giftshop_clutter.scw","clutter_4",1,,,,,,,,,,,,,,,,,,,,,,,,,,,,,,,,,,,,
,,,,,,,,,,,,,,,,,"sc3d/cardboard_box.scw","cardboard_box_2",90,,,,,,,,,,,,,,,,,,,,,,,,,,,,,,,,,,,,,,,,,,,,,,,
,,,,,,,,,,,,,,,,,"sc3d/cardboard_box.scw","cardboard_box_3",90,,,,,,,,,,,,,,,,,,,,,,,,,,,,,,,,,,,,,,,,,,,,,,,
"BandStand","TRUE","bandstand_","sc/events.sc","event_pocostand_banner",,"Poco_Band_Ingame","sc3d/bgr_bandstand_ground.scw","sc3d/bgr_bandstand.scw",,,"sc3d/rock_bandstand_1.scw","rock_bandstand",90,"sc3d/rock_bandstand_2.scw","rock_bandstand_2",90,"sc3d/crate_bandstand.scw","crate_1",0,"sc3d/barrel1_dark.scw","barrel_1",1,"sc3d/ball_cactus.scw","ball_cactus",1,"sc3d/grass8.scw","sc3d/grass8.scw","sc3d/plant_1_small.scw",,1,,,,"sc3d/vase_1.scw","vase_1",1,,,,"sc3d/water_tile_bandstand.scw","sc3d/fence_bandstand.scw","sc3d/bandstand_rope_fence.scw",,"sc3d/indestructible_metal_1.scw",,,,"sc3d/mine_gem_spawn_bazaar.scw",,,,,247,148,100,,,,"bazaar_spawn_hole","icon_hud_brawl_ball","brawl_ball_goal_red","brawl_ball_goal_blue","heist_safe",,21,33
,,,,,,,,,,,"sc3d/rock_bandstand_1.scw","rock_bandstand_b",90,"sc3d/rock_bandstand_2.scw","rock_bandstand_2_b",90,,,,,,,,,,,,,,,,,,,,,,,,,,,,,,,,,,,,,,,,,,,,,,,,,,
,,,,,,,,,,,,,,,,,,,,,,,,,,,,,,,,,,,,,,,,,,,,,,,,,,,,,,,,,,,,,,,,,,
"BandStandHW","TRUE","bandstand_","sc/events.sc","event_pocostand_banner",,"Poco_Band_Ingame","sc3d/bgr_bandstand_ground.scw","sc3d/bgr_bandstand.scw+sc3d/bgr_bandstand_decos_hw.scw",,,"sc3d/rock_bandstand_1.scw","rock_bandstand",90,"sc3d/rock_bandstand_2.scw","rock_bandstand_2",90,"sc3d/crate_bandstand.scw","crate_1",0,"sc3d/barrel1_dark.scw","barrel_1",1,"sc3d/ball_cactus.scw","ball_cactus",1,"sc3d/grass8.scw","sc3d/grass8.scw","sc3d/plant_1_small.scw",,1,,,,"sc3d/vase_1.scw","vase_1",1,,,,"sc3d/water_tile_bandstand.scw","sc3d/fence_bandstand.scw","sc3d/bandstand_rope_fence.scw",,"sc3d/indestructible_metal_1.scw",,,,"sc3d/mine_gem_spawn_bazaar.scw",,,,,247,148,100,,,,"bazaar_spawn_hole","icon_hud_brawl_ball","brawl_ball_goal_red","brawl_ball_goal_blue","heist_safe",,21,33
,,,,,,,,,,,"sc3d/rock_bandstand_1.scw","rock_bandstand_b",90,"sc3d/rock_bandstand_2.scw","rock_bandstand_2_b",90,,,,,,,,,,,,,,,,,,,,,,,,,,,,,,,,,,,,,,,,,,,,,,,,,,
,,,,,,,,,,,,,,,,,,,,,,,,,,,,,,,,,,,,,,,,,,,,,,,,,,,,,,,,,,,,,,,,,,
"SnowtelXmas","TRUE","snowtel_","sc/events.sc","event_snowtel_banner",,"Snowtel_Ingame","sc3d/bgr_snowtel_ground.scw","sc3d/bgr_snowtel.scw+sc3d/bgr_snowtel_decos_xmas.scw",,,"sc3d/rock_snowtel.scw","rock_snowtel",90,"sc3d/rock_snowtel_2.scw","rock_snowtel_2",90,"sc3d/crate_xmas.scw","crate_xmas",0,"sc3d/barrel_xmas.scw","barrel_xmas",1,"sc3d/tree_fir_small.scw","tree_fir_small",1,"sc3d/grass4.scw","sc3d/grass4.scw","sc3d/plant_1_small_icy.scw",,1,,,,"sc3d/snow_lantern.scw","snow_lantern",0,,,,"sc3d/water_tile_snowy.scw","sc3d/fence_snowtel.scw","sc3d/snowtel_rope_fence.scw",,"sc3d/indestructible_metal_1.scw",,,,"sc3d/mine_gem_spawn_retropolis.scw",,,,,50,70,115,,,,"retropolis_spawn_hole","icon_hud_brawl_ball","brawl_ball_goal_red","brawl_ball_goal_blue","heist_safe",,21,33
,,,,,,,,,,,"sc3d/rock_snowtel.scw","rock_snowtel_b",90,,,,,,,,,,,,,,,,,,,,,,,,,,,,,,,,,,,,,,,,,,,,,,,,,,,,,
"Snowtel","TRUE","snowtel_","sc/events.sc","event_snowtel_banner",,"Snowtel_Ingame","sc3d/bgr_snowtel_ground.scw","sc3d/bgr_snowtel.scw",,,"sc3d/rock_snowtel.scw","rock_snowtel",90,"sc3d/rock_snowtel_2.scw","rock_snowtel_2",90,"sc3d/crate_bandstand.scw","crate_1",0,"sc3d/barrel1_dark.scw","barrel_1",1,"sc3d/tree_fir_small.scw","tree_fir_small",1,"sc3d/grass4.scw","sc3d/grass4.scw","sc3d/plant_1_small_icy.scw",,1,,,,"sc3d/snow_lantern.scw","snow_lantern",0,,,,"sc3d/water_tile_snowy.scw","sc3d/fence_snowtel.scw","sc3d/snowtel_rope_fence.scw",,"sc3d/indestructible_metal_1.scw",,,,"sc3d/mine_gem_spawn_retropolis.scw",,,,,50,70,115,,,,"retropolis_spawn_hole","icon_hud_brawl_ball","brawl_ball_goal_red","brawl_ball_goal_blue","heist_safe",,21,33
,,,,,,,,,,,,,,,,,,,,,,,,,,,,,,,,,,,,,,,,,,,,,,,,,,,,,,,,,,,,,,,,,,
"Scrapyard",,"scrapyard_","sc/events.sc","event_robowars_banner",,"Scrapyard_ingame_music","sc3d/bgr_scrapyard_ground.scw","sc3d/bgr_scrapyard.scw",,,"sc3d/scrap_pile.scw","scrap_pile",90,"sc3d/concrete_block.scw","concrete_block",90,"sc3d/crate2.scw","crate_1",0,"sc3d/barrel2.scw","barrel_2",1,"sc3d/car_tires.scw",,90,"sc3d/grass5.scw","sc3d/grass5.scw","sc3d/scrap_deco.scw","scrap_deco_a",1,,,,"sc3d/traffic_cone.scw","traffic_cone",1,,,,"sc3d/water_tile_mortuary.scw","sc3d/fence_scrapyard.scw","sc3d/scrapyard_rope_fence.scw",,"sc3d/indestructible_metal_1.scw",,,,"sc3d/mine_gem_spawn_retropolis.scw",,,,,48,42,79,,,,"retropolis_spawn_hole","icon_hud_brawl_ball","brawl_ball_goal_red","brawl_ball_goal_blue","heist_safe",,27,39
,,,,,,,,,,,,,,,,,,,,,,,,,,,,"sc3d/scrap_deco.scw","scrap_deco_b",1,,,,,,,,,,,,,,,,,,,,,,,,,,,,,,,,,,,,
,,,,,,,,,,,,,,,,,,,,,,,,,,,,"sc3d/scrap_deco.scw","scrap_deco_c",1,,,,,,,,,,,,,,,,,,,,,,,,,,,,,,,,,,,,
,,,,,,,,,,,,,,,,,,,,,,,,,,,,,,,,,,,,,,,,,,,,,,,,,,,,,,,,,,,,,,,,,,
"StarrForce","TRUE","starrforce_","sc/events.sc","event_starr_force_banner",,"Space_Brawl_Ingame","sc3d/bgr_starr_force_ground.scw","sc3d/bgr_starr_force.scw","sc3d/bgr_starr_force_hold.scw",,"sc3d/wall_starr_force_1.scw","wall_starr_force_1",90,"sc3d/wall_starr_force_1.scw","wall_starr_force_2",90,"sc3d/crate_starr_force.scw","crate_starr_force",90,"sc3d/barrel_starr_force.scw","barrel_starr_force",1,"sc3d/computer_starr_force.scw","computer",0,"sc3d/grass_spaceweed.scw","sc3d/grass_spaceweed.scw","sc3d/deco_light_starr_force.scw",,0,,,,"sc3d/fragile_starr_force.scw",,90,,,,"sc3d/water_tile_starr_force.scw","sc3d/fence_starr_force.scw","sc3d/scrapyard_rope_fence.scw",,"sc3d/indestructible_metal_1.scw",,,,"sc3d/mine_gem_spawn_starr_force.scw",,,,,28,57,99,,,,"starrforce_spawn_hole","icon_hud_brawl_ball","brawl_ball_goal_red","brawl_ball_goal_blue","heist_safe",,21,33
,,,,,,,,,,,,,,,,,,,,,,,,,,,,,,,,,,,,,,,,,,,,,,,,,,,,,,,,,,,,,,,,,,
"ActionShow","TRUE","actionshow_","sc/events.sc","event_actionshow_banner",,"Action_Western_Ingame","sc3d/bgr_action_show_ground.scw","sc3d/bgr_action_show.scw",,,"sc3d/hay_bale.scw","hay_bale",90,"sc3d/hay_bale.scw","hay_bale",90,"sc3d/crate1.scw","crate_1",0,"sc3d/barrel1.scw","barrel_1",1,"sc3d/ball_cactus.scw","ball_cactus",1,"sc3d/grass3.scw","sc3d/grass3.scw","sc3d/bone_single.scw","bone_single",1,"sc3d/plant_1_small_canyon.scw",,1,"sc3d/fragile_cactus.scw","fragile_cactus_1",1,,,,"sc3d/water_tile.scw","sc3d/wooden_fence.scw","sc3d/canyon_rope_fence.scw",,"sc3d/indestructible_metal_1.scw",,,,,,,,,249,166,117,,,,"spawn_hole","icon_hud_brawl_ball","brawl_ball_goal_red","brawl_ball_goal_blue","heist_safe",,21,33
,,,,,,,,,,,"sc3d/hay_bale.scw","hay_bale_b",90,"sc3d/hay_bale.scw","hay_bale_b",90,,,,,,,,,,,,"sc3d/bone_ribs.scw","bone_ribs",1,,,,"sc3d/fragile_cactus.scw","fragile_cactus_2",1,,,,,,,,,,,,,,,,,,,,,,,,,,,,,,
,,,,,,,,,,,,,,,,,,,,,,,,,,,,,,,,,,,,,,,,,,,,,,,,,,,,,,,,,,,,,,,,,,
"WaterPark","TRUE","waterpark_","sc/events.sc","event_velocirapids_banner",,"Summer_Brawl_Ingame_Music","sc3d/bgr_waterpark_ground.scw","sc3d/bgr_waterpark.scw",,,"sc3d/rock_waterpark.scw","rock_waterpark",90,"sc3d/inflatable_blocker.scw","inflatable_blocker",90,"sc3d/crate_bandstand.scw","crate_1",0,"sc3d/barrel2_waterpark.scw","barrel_2",1,"sc3d/surfboard.scw","surfboard",0,"sc3d/grass9.scw","sc3d/grass9.scw","sc3d/plant_1_small_waterpark.scw",,1,,,1,"sc3d/fragile_bucket.scw","fragile_bucket",1,,,,"sc3d/water_tile_waterpark.scw","sc3d/fence_waterpark.scw","sc3d/waterpark_rope_fence.scw",,"sc3d/indestructible_metal_1.scw",,,,"sc3d/mine_gem_spawn_town.scw",,,,,254,171,198,,,,"town_spawn_hole","icon_hud_brawl_ball","brawl_ball_goal_red","brawl_ball_goal_blue","heist_safe",,21,33
,,,,,,,,,,,,,,,,,,,,,,,"sc3d/surfboard.scw","surfboard_b",0,,,,,1,,,,,,,,,,,,,,,,,,,,,,,,,,,,,,,,,,,,
,,,,,,,,,,,,,,,,,,,,,,,,,,,,,,,,,,,,,,,,,,,,,,,,,,,,,,,,,,,,,,,,,21,33
"ArcadeBasket",,"arcade_","sc/events.sc","event_arcade_banner",,"Brawlcade_Ingame","sc3d/bgr_arcade_ground.scw+sc3d/basketball_line.scw","sc3d/bgr_arcade.scw+sc3d/basketball_fence.scw",,,"sc3d/concrete_block.scw","concrete_block",90,"sc3d/blocker_arcade.scw","blocker_arcade",0,"sc3d/crate2.scw","crate_1",0,"sc3d/barrel_arcade.scw","barrel_arcade",1,"sc3d/construction_sign.scw","construction_sign",180,"sc3d/grass7.scw","sc3d/grass7.scw","sc3d/pothole.scw","pothole",1,,,,"sc3d/traffic_cone.scw","traffic_cone",1,,,,"sc3d/water_tile_retropolis.scw","sc3d/fence_arcade.scw","sc3d/scrapyard_rope_fence.scw",,"sc3d/indestructible_metal_1.scw",,,,"sc3d/mine_gem_spawn_retropolis.scw",,,,,50,44,79,,,,"retropolis_spawn_hole","icon_hud_brawl_ball","brawl_ball_goal_red","brawl_ball_goal_blue","heist_safe",,21,33
,,,,,,,,,,,,,,,,,,,,,,,,,,,,,,,,,,,,,,,,,,,,,,,,,,,,,,,,,,,,,,,,,,
"BBArenaVolley",,"bbarena_","sc/events.sc","event_brawlball_arena_banner",,"Footbrawl_ingame_muzak","sc3d/bgr_bb_arena_ground.scw+sc3d/bgr_bb_arena_ground_decos_volley.scw","sc3d/bgr_bb_arena.scw+sc3d/bgr_bb_arena_decos_default.scw+sc3d/volleyball_fence.scw",,,"sc3d/concrete_block.scw","concrete_block",90,"sc3d/car_tires.scw",,90,"sc3d/arena_blocker.scw","arena_blocker",90,"sc3d/barrel2.scw","barrel_2",1,"sc3d/potted_plant_1.scw","potted_plant_1",1,"sc3d/grass2.scw","sc3d/grass2.scw","sc3d/plant_1_small.scw",,1,,,,"sc3d/traffic_cone.scw","traffic_cone",1,,,,"sc3d/water_tile.scw","sc3d/fence_arcade.scw","sc3d/generic_rope_fence.scw",,"sc3d/indestructible_metal_1.scw",,,"BallArena","sc3d/mine_gem_spawn_retropolis.scw",,,,,60,150,87,,,,"retropolis_spawn_hole","icon_hud_brawl_ball_football","brawl_ball_goal_football_red","brawl_ball_goal_football_blue","heist_safe",,21,33
,,,,,,,,,,,,,,,,,,,,,,,"sc3d/potted_plant_1.scw","potted_plant_1b",1,,,,,,,,,,,,,,,,,,,,,,,,,,,,,,,,,,,,,,,,,
"CastleCourtyard",,"castlecourtyard_","sc/events.sc","event_fairytale_banner",,"Courtyard_Ingame","sc3d/bgr_castle_courtyard_ground.scw","sc3d/bgr_castle_courtyard.scw+sc3d/bgr_castle_courtyard_decos_xmas.scw",,,"sc3d/rock_castle_courtyard.scw","rock_1",90,"sc3d/rock_castle_courtyard.scw","rock_1",90,"sc3d/crate2.scw","crate_1",0,"sc3d/barrel1_dark.scw","barrel_1",1,"sc3d/potted_plant_castle_courtyard.scw","potted_plant_castle",90,"sc3d/grass10.scw","sc3d/grass10.scw","sc3d/deco_castle_courtyard.scw","deco1",1,,,1,"sc3d/fragile_castle_courtyard.scw",,90,,,1,"sc3d/water_tile_castle_courtyard.scw","sc3d/fence_castle_courtyard.scw","sc3d/castle_courtyard_rope_fence.scw",,"sc3d/indestructible_metal_1.scw",,,,"sc3d/mine_gem_spawn_castle_courtyard.scw",,,,,73,68,99,,,,"castle_courtyard_spawn_hole","icon_hud_brawl_ball","brawl_ball_goal_red","brawl_ball_goal_blue","heist_safe",,21,33
,,,,,,,,,,,,,,,,,,,,,,,,,,,,"sc3d/deco_castle_courtyard.scw","deco2",1,,,,,,,,,,,,,,,,,,,,,,,,,,,,,,,,,,,,
,,,,,,,,,,,,,,,,,,,,,,,,,,,,"sc3d/deco_castle_courtyard.scw","deco3",1,,,,,,,,,,,,,,,,,,,,,,,,,,,,,,,,,,,,
,,,,,,,,,,,,,,,,,,,,,,,,,,,,"sc3d/deco_castle_courtyard.scw","deco4",1,,,,,,,,,,,,,,,,,,,,,,,,,,,,,,,,,,,,
,,,,,,,,,,,,,,,,,,,,,,,,,,,,,,,,,,,,,,,,,,,,,,,,,,,,,,,,,,,,,,,,,,
"Brawlywood",,"brawlywood_","sc/events.sc","event_brawlywood_banner",,"Brawlywood_Ingame","sc3d/bgr_brawlywood_ground.scw","sc3d/bgr_brawlywood.scw",,,"sc3d/rock_brawlywood.scw","rock_1",90,"sc3d/rock_brawlywood.scw","rock_1",90,"sc3d/crate_brawlywood.scw","crate_1",90,"sc3d/film_reels.scw","film_reels",1,"sc3d/potted_palm_tree.scw","potted_palm_1",90,"sc3d/grass_town.scw","sc3d/grass_town.scw","sc3d/deco_brawlywood.scw","deco1",45,,,,"sc3d/traffic_cone.scw","traffic_cone",1,,,,"sc3d/water_tile_town.scw","sc3d/fence_brawlywood.scw","sc3d/brawlywood_rope_fence.scw",,"sc3d/indestructible_metal_1.scw",,,,"sc3d/mine_gem_spawn_town.scw",,,,,175,116,135,,,,"town_spawn_hole","icon_hud_brawl_ball","brawl_ball_goal_red","brawl_ball_goal_blue","heist_safe",,21,33
,,,,,,,,,,,,,,,,,,,,,,,"sc3d/potted_palm_tree.scw","potted_palm_1b",90,,,"sc3d/deco_brawlywood.scw","deco2",45,,,,,,,,,,,,,,,,,,,,,,,,,,,,,,,,,,,,
,,,,,,,,,,,,,,,,,,,,,,,,,,,,"sc3d/deco_brawlywood.scw","deco3",45,,,,,,,,,,,,,,,,,,,,,,,,,,,,,,,,,,,,
,,,,,,,,,,,,,,,,,,,,,,,,,,,,"sc3d/deco_brawlywood.scw","deco4",45,,,,,,,,,,,,,,,,,,,,,,,,,,,,,,,,,,,,
"FightingGame",,"fightinggame_","sc/events.sc","event_tigerpit_banner",,"Retro_Fight_Ingame","sc3d/bgr_fighting_game_ground.scw","sc3d/bgr_fighting_game.scw","sc3d/bgr_fighting_game_hold.scw",,"sc3d/rock_voxel.scw","rock_1",0,"sc3d/rock_voxel.scw","rock_1b",0,"sc3d/crate_voxel.scw","crate_1",0,"sc3d/barrel_voxel.scw","barrel_1",90,"sc3d/potted_tree_voxel.scw","potted_tree",90,"sc3d/grass_voxel.scw","sc3d/grass_voxel.scw","sc3d/deco_voxel.scw","deco1",0,,,,"sc3d/vase_voxel.scw","vase_1",90,,,,"sc3d/water_tile_voxel.scw","sc3d/fence_voxel.scw","sc3d/voxel_rope_fence.scw",,"sc3d/indestructible_metal_1.scw",,,,"sc3d/mine_gem_spawn_voxel.scw",,,"SafeVoxel",,186,123,86,,,,"fightinggame_spawn_hole","icon_hud_brawl_ball","brawl_ball_goal_red","brawl_ball_goal_blue","fightinggame_heist_safe",,21,33
,,,,,,,,,,,,,,,,,,,,,,,,,,,,"sc3d/deco_voxel.scw","deco2",0,,,,,,,,,,,,,,,,,,,,,,,,,,,,,,,,,,,,
